record_id,stage,decision,reason_code,notes,date
R0001,title_abstract,,,,
R0002,title_abstract,,,,
R0003,title_abstract,,,,
R0004,title_abstract,,,,
R0005,title_abstract,,,,
R0006,title_abstract,,,,
R0007,title_abstract,,,,
R0008,title_abstract,,,,
R0009,title_abstract,,,,
R0010,title_abstract,,,,
R0011,title_abstract,,,,
R0012,title_abstract,,,,
R0013,title_abstract,,,,
R0014,title_abstract,,,,
R0015,title_abstract,,,,
R0016,title_abstract,,,,
R0017,title_abstract,,,,
R0018,title_abstract,,,,
R0019,title_abstract,,,,
R0020,title_abstract,,,,
R0021,title_abstract,,,,
R0022,title_abstract,,,,
R0023,title_abstract,,,,
R0024,title_abstract,,,,
R0025,title_abstract,,,,
R0026,title_abstract,,,,
R0027,title_abstract,,,,
R0028,title_abstract,,,,
R0029,title_abstract,,,,
R0030,title_abstract,,,,
R0031,title_abstract,,,,
R0032,title_abstract,,,,
R0033,title_abstract,,,,
R0034,title_abstract,,,,
R0035,title_abstract,,,,
R0036,title_abstract,,,,
R0037,title_abstract,,,,
R0038,title_abstract,,,,
R0039,title_abstract,,,,
R0040,title_abstract,,,,
R0041,title_abstract,,,,
R0042,title_abstract,,,,
R0043,title_abstract,,,,
R0044,title_abstract,,,,
R0045,title_abstract,,,,
R0046,title_abstract,,,,
R0047,title_abstract,,,,
R0048,title_abstract,,,,
R0049,title_abstract,,,,
R0050,title_abstract,,,,
R0051,title_abstract,,,,
R0052,title_abstract,,,,
R0053,title_abstract,,,,
R0054,title_abstract,,,,
R0055,title_abstract,,,,
R0056,title_abstract,,,,
R0057,title_abstract,,,,
R0058,title_abstract,,,,
R0059,title_abstract,,,,
R0060,title_abstract,,,,
R0061,title_abstract,,,,
R0062,title_abstract,,,,
R0063,title_abstract,,,,
R0064,title_abstract,,,,
R0065,title_abstract,,,,
R0066,title_abstract,,,,
R0067,title_abstract,,,,
R0068,title_abstract,,,,
R0069,title_abstract,,,,
R0070,title_abstract,,,,
R0071,title_abstract,,,,
R0072,title_abstract,,,,
R0073,title_abstract,,,,
R0074,title_abstract,,,,
R0075,title_abstract,,,,
R0076,title_abstract,,,,
R0077,title_abstract,,,,
R0078,title_abstract,,,,
R0079,title_abstract,,,,
R0080,title_abstract,,,,
R0081,title_abstract,,,,
R0082,title_abstract,,,,
R0083,title_abstract,,,,
R0084,title_abstract,,,,
R0085,title_abstract,,,,
R0086,title_abstract,,,,
R0087,title_abstract,,,,
R0088,title_abstract,,,,
R0089,title_abstract,,,,
R0090,title_abstract,,,,
R0091,title_abstract,,,,
R0092,title_abstract,,,,
R0093,title_abstract,,,,
R0094,title_abstract,,,,
R0095,title_abstract,,,,
R0096,title_abstract,,,,
R0097,title_abstract,,,,
R0098,title_abstract,,,,
R0099,title_abstract,,,,
R0100,title_abstract,,,,
R0101,title_abstract,,,,
R0102,title_abstract,,,,
R0103,title_abstract,,,,
R0104,title_abstract,,,,
R0105,title_abstract,,,,
R0106,title_abstract,,,,
R0107,title_abstract,,,,
R0108,title_abstract,,,,
R0109,title_abstract,,,,
R0110,title_abstract,,,,
R0111,title_abstract,,,,
R0112,title_abstract,,,,
R0113,title_abstract,,,,
R0114,title_abstract,,,,
R0115,title_abstract,,,,
R0116,title_abstract,,,,
R0117,title_abstract,,,,
R0118,title_abstract,,,,
R0119,title_abstract,,,,
R0120,title_abstract,,,,
R0121,title_abstract,,,,
R0122,title_abstract,,,,
R0123,title_abstract,,,,
R0124,title_abstract,,,,
R0125,title_abstract,,,,
R0126,title_abstract,,,,
R0127,title_abstract,,,,
R0128,title_abstract,,,,
R0129,title_abstract,,,,
R0130,title_abstract,,,,
R0131,title_abstract,,,,
R0132,title_abstract,,,,
R0133,title_abstract,,,,
R0134,title_abstract,,,,
R0135,title_abstract,,,,
R0136,title_abstract,,,,
R0137,title_abstract,,,,
R0138,title_abstract,,,,
R0139,title_abstract,,,,
R0140,title_abstract,,,,
R0141,title_abstract,,,,
R0142,title_abstract,,,,
R0143,title_abstract,,,,
R0144,title_abstract,,,,
R0145,title_abstract,,,,
R0146,title_abstract,,,,
R0147,title_abstract,,,,
R0148,title_abstract,,,,
R0149,title_abstract,,,,
R0150,title_abstract,,,,
R0151,title_abstract,,,,
R0152,title_abstract,,,,
R0153,title_abstract,,,,
R0154,title_abstract,,,,
R0155,title_abstract,,,,
R0156,title_abstract,,,,
R0157,title_abstract,,,,
R0158,title_abstract,,,,
R0159,title_abstract,,,,
R0160,title_abstract,,,,
R0161,title_abstract,,,,
R0162,title_abstract,,,,
R0163,title_abstract,,,,
R0164,title_abstract,,,,
R0165,title_abstract,,,,
R0166,title_abstract,,,,
R0167,title_abstract,,,,
R0168,title_abstract,,,,
R0169,title_abstract,,,,
R0170,title_abstract,,,,
R0171,title_abstract,,,,
R0172,title_abstract,,,,
R0173,title_abstract,,,,
R0174,title_abstract,,,,
R0175,title_abstract,,,,
R0176,title_abstract,,,,
R0177,title_abstract,,,,
R0178,title_abstract,,,,
R0179,title_abstract,,,,
R0180,title_abstract,,,,
R0181,title_abstract,,,,
R0182,title_abstract,,,,
R0183,title_abstract,,,,
R0184,title_abstract,,,,
R0185,title_abstract,,,,
R0186,title_abstract,,,,
R0187,title_abstract,,,,
R0188,title_abstract,,,,
R0189,title_abstract,,,,
R0190,title_abstract,,,,
R0191,title_abstract,,,,
R0192,title_abstract,,,,
R0193,title_abstract,,,,
R0194,title_abstract,,,,
R0195,title_abstract,,,,
R0196,title_abstract,,,,
R0197,title_abstract,,,,
R0198,title_abstract,,,,
R0199,title_abstract,,,,
R0200,title_abstract,,,,
R0201,title_abstract,,,,
R0202,title_abstract,,,,
R0203,title_abstract,,,,
R0204,title_abstract,,,,
R0205,title_abstract,,,,
R0206,title_abstract,,,,
R0207,title_abstract,,,,
R0208,title_abstract,,,,
R0209,title_abstract,,,,
R0210,title_abstract,,,,
R0211,title_abstract,,,,
R0212,title_abstract,,,,
R0213,title_abstract,,,,
R0214,title_abstract,,,,
R0215,title_abstract,,,,
R0216,title_abstract,,,,
R0217,title_abstract,,,,
R0218,title_abstract,,,,
R0219,title_abstract,,,,
R0220,title_abstract,,,,
R0221,title_abstract,,,,
R0222,title_abstract,,,,
R0223,title_abstract,,,,
R0224,title_abstract,,,,
R0225,title_abstract,,,,
R0226,title_abstract,,,,
R0227,title_abstract,,,,
R0228,title_abstract,,,,
R0229,title_abstract,,,,
R0230,title_abstract,,,,
R0231,title_abstract,,,,
R0232,title_abstract,,,,
R0233,title_abstract,,,,
R0234,title_abstract,,,,
R0235,title_abstract,,,,
R0236,title_abstract,,,,
R0237,title_abstract,,,,
R0238,title_abstract,,,,
R0239,title_abstract,,,,
R0240,title_abstract,,,,
R0241,title_abstract,,,,
R0242,title_abstract,,,,
R0243,title_abstract,,,,
R0244,title_abstract,,,,
R0245,title_abstract,,,,
R0246,title_abstract,,,,
R0247,title_abstract,,,,
R0248,title_abstract,,,,
R0249,title_abstract,,,,
R0250,title_abstract,,,,
R0251,title_abstract,,,,
R0252,title_abstract,,,,
R0253,title_abstract,,,,
R0254,title_abstract,,,,
R0255,title_abstract,,,,
R0256,title_abstract,,,,
R0257,title_abstract,,,,
R0258,title_abstract,,,,
R0259,title_abstract,,,,
R0260,title_abstract,,,,
R0261,title_abstract,,,,
R0262,title_abstract,,,,
R0263,title_abstract,,,,
R0264,title_abstract,,,,
R0265,title_abstract,,,,
R0266,title_abstract,,,,
R0267,title_abstract,,,,
R0268,title_abstract,,,,
R0269,title_abstract,,,,
R0270,title_abstract,,,,
R0271,title_abstract,,,,
R0272,title_abstract,,,,
R0273,title_abstract,,,,
R0274,title_abstract,,,,
R0275,title_abstract,,,,
R0276,title_abstract,,,,
R0277,title_abstract,,,,
R0278,title_abstract,,,,
R0279,title_abstract,,,,
R0280,title_abstract,,,,
R0281,title_abstract,,,,
R0282,title_abstract,,,,
R0283,title_abstract,,,,
R0284,title_abstract,,,,
R0285,title_abstract,,,,
R0286,title_abstract,,,,
R0287,title_abstract,,,,
R0288,title_abstract,,,,
R0289,title_abstract,,,,
R0290,title_abstract,,,,
R0291,title_abstract,,,,
R0292,title_abstract,,,,
R0293,title_abstract,,,,
R0294,title_abstract,,,,
R0295,title_abstract,,,,
R0296,title_abstract,,,,
R0297,title_abstract,,,,
R0298,title_abstract,,,,
R0299,title_abstract,,,,
R0300,title_abstract,,,,
R0301,title_abstract,,,,
R0302,title_abstract,,,,
R0303,title_abstract,,,,
R0304,title_abstract,,,,
R0305,title_abstract,,,,
R0306,title_abstract,,,,
R0307,title_abstract,,,,
R0308,title_abstract,,,,
R0309,title_abstract,,,,
R0310,title_abstract,,,,
R0311,title_abstract,,,,
R0312,title_abstract,,,,
R0313,title_abstract,,,,
R0314,title_abstract,,,,
R0315,title_abstract,,,,
R0316,title_abstract,,,,
R0317,title_abstract,,,,
R0318,title_abstract,,,,
R0319,title_abstract,,,,
R0320,title_abstract,,,,
R0321,title_abstract,,,,
R0322,title_abstract,,,,
R0323,title_abstract,,,,
R0324,title_abstract,,,,
R0325,title_abstract,,,,
R0326,title_abstract,,,,
R0327,title_abstract,,,,
R0328,title_abstract,,,,
R0329,title_abstract,,,,
R0330,title_abstract,,,,
R0331,title_abstract,,,,
R0332,title_abstract,,,,
R0333,title_abstract,,,,
R0334,title_abstract,,,,
R0335,title_abstract,,,,
R0336,title_abstract,,,,
R0337,title_abstract,,,,
R0338,title_abstract,,,,
R0339,title_abstract,,,,
R0340,title_abstract,,,,
R0341,title_abstract,,,,
R0342,title_abstract,,,,
R0343,title_abstract,,,,
R0344,title_abstract,,,,
R0345,title_abstract,,,,
R0346,title_abstract,,,,
R0347,title_abstract,,,,
R0348,title_abstract,,,,
R0349,title_abstract,,,,
R0350,title_abstract,,,,
R0351,title_abstract,,,,
R0352,title_abstract,,,,
R0353,title_abstract,,,,
R0354,title_abstract,,,,
R0355,title_abstract,,,,
R0356,title_abstract,,,,
R0357,title_abstract,,,,
R0358,title_abstract,,,,
R0359,title_abstract,,,,
R0360,title_abstract,,,,
R0361,title_abstract,,,,
R0362,title_abstract,,,,
R0363,title_abstract,,,,
R0364,title_abstract,,,,
R0365,title_abstract,,,,
R0366,title_abstract,,,,
R0367,title_abstract,,,,
R0368,title_abstract,,,,
R0369,title_abstract,,,,
R0370,title_abstract,,,,
R0371,title_abstract,,,,
R0372,title_abstract,,,,
R0373,title_abstract,,,,
R0374,title_abstract,,,,
R0375,title_abstract,,,,
R0376,title_abstract,,,,
R0377,title_abstract,,,,
R0378,title_abstract,,,,
R0379,title_abstract,,,,
R0380,title_abstract,,,,
R0381,title_abstract,,,,
R0382,title_abstract,,,,
R0383,title_abstract,,,,
R0384,title_abstract,,,,
R0385,title_abstract,,,,
R0386,title_abstract,,,,
R0387,title_abstract,,,,
R0388,title_abstract,,,,
R0389,title_abstract,,,,
R0390,title_abstract,,,,
R0391,title_abstract,,,,
R0392,title_abstract,,,,
R0393,title_abstract,,,,
R0394,title_abstract,,,,
R0395,title_abstract,,,,
R0396,title_abstract,,,,
R0397,title_abstract,,,,
R0398,title_abstract,,,,
R0399,title_abstract,,,,
R0400,title_abstract,,,,
R0401,title_abstract,,,,
R0402,title_abstract,,,,
R0403,title_abstract,,,,
R0404,title_abstract,,,,
R0405,title_abstract,,,,
R0406,title_abstract,,,,
R0407,title_abstract,,,,
R0408,title_abstract,,,,
R0409,title_abstract,,,,
R0410,title_abstract,,,,
R0411,title_abstract,,,,
R0412,title_abstract,,,,
R0413,title_abstract,,,,
R0414,title_abstract,,,,
R0415,title_abstract,,,,
R0416,title_abstract,,,,
R0417,title_abstract,,,,
R0418,title_abstract,,,,
R0419,title_abstract,,,,
R0420,title_abstract,,,,
R0421,title_abstract,,,,
R0422,title_abstract,,,,
R0423,title_abstract,,,,
R0424,title_abstract,,,,
R0425,title_abstract,,,,
R0426,title_abstract,,,,
R0427,title_abstract,,,,
R0428,title_abstract,,,,
R0429,title_abstract,,,,
R0430,title_abstract,,,,
R0431,title_abstract,,,,
R0432,title_abstract,,,,
R0433,title_abstract,,,,
R0434,title_abstract,,,,
R0435,title_abstract,,,,
R0436,title_abstract,,,,
R0437,title_abstract,,,,
R0438,title_abstract,,,,
R0439,title_abstract,,,,
R0440,title_abstract,,,,
R0441,title_abstract,,,,
R0442,title_abstract,,,,
R0443,title_abstract,,,,
R0444,title_abstract,,,,
R0445,title_abstract,,,,
R0446,title_abstract,,,,
R0447,title_abstract,,,,
R0448,title_abstract,,,,
R0449,title_abstract,,,,
R0450,title_abstract,,,,
R0451,title_abstract,,,,
R0452,title_abstract,,,,
R0453,title_abstract,,,,
R0454,title_abstract,,,,
R0455,title_abstract,,,,
R0456,title_abstract,,,,
R0457,title_abstract,,,,
R0458,title_abstract,,,,
R0459,title_abstract,,,,
R0460,title_abstract,,,,
R0461,title_abstract,,,,
R0462,title_abstract,,,,
R0463,title_abstract,,,,
R0464,title_abstract,,,,
R0465,title_abstract,,,,
R0466,title_abstract,,,,
R0467,title_abstract,,,,
R0468,title_abstract,,,,
R0469,title_abstract,,,,
R0470,title_abstract,,,,
R0471,title_abstract,,,,
R0472,title_abstract,,,,
R0473,title_abstract,,,,
R0474,title_abstract,,,,
R0475,title_abstract,,,,
R0476,title_abstract,,,,
R0477,title_abstract,,,,
R0478,title_abstract,,,,
R0479,title_abstract,,,,
R0480,title_abstract,,,,
R0481,title_abstract,,,,
R0482,title_abstract,,,,
R0483,title_abstract,,,,
R0484,title_abstract,,,,
R0485,title_abstract,,,,
R0486,title_abstract,,,,
R0487,title_abstract,,,,
R0488,title_abstract,,,,
R0489,title_abstract,,,,
R0490,title_abstract,,,,
R0491,title_abstract,,,,
R0492,title_abstract,,,,
R0493,title_abstract,,,,
R0494,title_abstract,,,,
R0495,title_abstract,,,,
R0496,title_abstract,,,,
R0497,title_abstract,,,,
R0498,title_abstract,,,,
R0499,title_abstract,,,,
R0500,title_abstract,,,,
R0501,title_abstract,,,,
R0502,title_abstract,,,,
R0503,title_abstract,,,,
R0504,title_abstract,,,,
R0505,title_abstract,,,,
R0506,title_abstract,,,,
R0507,title_abstract,,,,
R0508,title_abstract,,,,
R0509,title_abstract,,,,
R0510,title_abstract,,,,
R0511,title_abstract,,,,
R0512,title_abstract,,,,
R0513,title_abstract,,,,
R0514,title_abstract,,,,
R0515,title_abstract,,,,
R0516,title_abstract,,,,
R0517,title_abstract,,,,
R0518,title_abstract,,,,
R0519,title_abstract,,,,
R0520,title_abstract,,,,
R0521,title_abstract,,,,
R0522,title_abstract,,,,
R0523,title_abstract,,,,
R0524,title_abstract,,,,
R0525,title_abstract,,,,
R0526,title_abstract,,,,
R0527,title_abstract,,,,
R0528,title_abstract,,,,
R0529,title_abstract,,,,
R0530,title_abstract,,,,
R0531,title_abstract,,,,
R0532,title_abstract,,,,
R0533,title_abstract,,,,
R0534,title_abstract,,,,
R0535,title_abstract,,,,
R0536,title_abstract,,,,
R0537,title_abstract,,,,
R0538,title_abstract,,,,
R0539,title_abstract,,,,
R0540,title_abstract,,,,
R0541,title_abstract,,,,
R0542,title_abstract,,,,
R0543,title_abstract,,,,
R0544,title_abstract,,,,
R0545,title_abstract,,,,
R0546,title_abstract,,,,
R0547,title_abstract,,,,
R0548,title_abstract,,,,
R0549,title_abstract,,,,
R0550,title_abstract,,,,
R0551,title_abstract,,,,
R0552,title_abstract,,,,
R0553,title_abstract,,,,
R0554,title_abstract,,,,
R0555,title_abstract,,,,
R0556,title_abstract,,,,
R0557,title_abstract,,,,
R0558,title_abstract,,,,
R0559,title_abstract,,,,
R0560,title_abstract,,,,
R0561,title_abstract,,,,
R0562,title_abstract,,,,
R0563,title_abstract,,,,
R0564,title_abstract,,,,
R0565,title_abstract,,,,
R0566,title_abstract,,,,
R0567,title_abstract,,,,
R0568,title_abstract,,,,
R0569,title_abstract,,,,
R0570,title_abstract,,,,
R0571,title_abstract,,,,
R0572,title_abstract,,,,
R0573,title_abstract,,,,
R0574,title_abstract,,,,
R0575,title_abstract,,,,
R0576,title_abstract,,,,
R0577,title_abstract,,,,
R0578,title_abstract,,,,
R0579,title_abstract,,,,
R0580,title_abstract,,,,
R0581,title_abstract,,,,
R0582,title_abstract,,,,
R0583,title_abstract,,,,
R0584,title_abstract,,,,
R0585,title_abstract,,,,
R0586,title_abstract,,,,
R0587,title_abstract,,,,
