duplicate_group_id,kept_record_id,removed_record_id,match_basis,decision,notes
DUP_0001,SCOPUS_0004,IEEE_0136,exact_normalized_doi,duplicate_removed,Same normalized DOI in Scopus and IEEE Xplore. Scopus record retained according to the predefined source-precedence rule.
DUP_0002,SCOPUS_0009,IEEE_0003,exact_normalized_doi,duplicate_removed,Same normalized DOI in Scopus and IEEE Xplore. Scopus record retained according to the predefined source-precedence rule.
DUP_0003,SCOPUS_0010,IEEE_0034,exact_normalized_doi,duplicate_removed,Same normalized DOI in Scopus and IEEE Xplore. Scopus record retained according to the predefined source-precedence rule.
DUP_0004,SCOPUS_0015,IEEE_0087,exact_normalized_doi,duplicate_removed,Same normalized DOI in Scopus and IEEE Xplore. Scopus record retained according to the predefined source-precedence rule.
DUP_0005,SCOPUS_0022,IEEE_0086,exact_normalized_doi,duplicate_removed,Same normalized DOI in Scopus and IEEE Xplore. Scopus record retained according to the predefined source-precedence rule.
DUP_0006,SCOPUS_0035,IEEE_0011,exact_normalized_doi,duplicate_removed,Same normalized DOI in Scopus and IEEE Xplore. Scopus record retained according to the predefined source-precedence rule.
DUP_0007,SCOPUS_0039,IEEE_0152,exact_normalized_doi,duplicate_removed,Same normalized DOI in Scopus and IEEE Xplore. Scopus record retained according to the predefined source-precedence rule.
DUP_0008,SCOPUS_0047,IEEE_0179,exact_normalized_doi,duplicate_removed,Same normalized DOI in Scopus and IEEE Xplore. Scopus record retained according to the predefined source-precedence rule.
DUP_0009,SCOPUS_0054,IEEE_0137,exact_normalized_doi,duplicate_removed,Same normalized DOI in Scopus and IEEE Xplore. Scopus record retained according to the predefined source-precedence rule.
DUP_0010,SCOPUS_0057,IEEE_0060,exact_normalized_doi,duplicate_removed,Same normalized DOI in Scopus and IEEE Xplore. Scopus record retained according to the predefined source-precedence rule.
DUP_0011,SCOPUS_0060,IEEE_0153,exact_normalized_doi,duplicate_removed,Same normalized DOI in Scopus and IEEE Xplore. Scopus record retained according to the predefined source-precedence rule.
DUP_0012,SCOPUS_0067,IEEE_0048,exact_normalized_doi,duplicate_removed,Same normalized DOI in Scopus and IEEE Xplore. Scopus record retained according to the predefined source-precedence rule.
DUP_0013,SCOPUS_0071,IEEE_0112,exact_normalized_doi,duplicate_removed,Same normalized DOI in Scopus and IEEE Xplore. Scopus record retained according to the predefined source-precedence rule.
DUP_0014,SCOPUS_0072,IEEE_0080,exact_normalized_doi,duplicate_removed,Same normalized DOI in Scopus and IEEE Xplore. Scopus record retained according to the predefined source-precedence rule.
DUP_0015,SCOPUS_0073,IEEE_0222,exact_normalized_doi,duplicate_removed,Same normalized DOI in Scopus and IEEE Xplore. Scopus record retained according to the predefined source-precedence rule.
DUP_0016,SCOPUS_0077,IEEE_0173,exact_normalized_doi,duplicate_removed,Same normalized DOI in Scopus and IEEE Xplore. Scopus record retained according to the predefined source-precedence rule.
DUP_0017,SCOPUS_0081,IEEE_0105,exact_normalized_doi,duplicate_removed,Same normalized DOI in Scopus and IEEE Xplore. Scopus record retained according to the predefined source-precedence rule.
DUP_0018,SCOPUS_0100,IEEE_0096,exact_normalized_doi,duplicate_removed,Same normalized DOI in Scopus and IEEE Xplore. Scopus record retained according to the predefined source-precedence rule.
DUP_0019,SCOPUS_0104,IEEE_0022,exact_normalized_doi,duplicate_removed,Same normalized DOI in Scopus and IEEE Xplore. Scopus record retained according to the predefined source-precedence rule.
DUP_0020,SCOPUS_0106,IEEE_0161,exact_normalized_doi,duplicate_removed,Same normalized DOI in Scopus and IEEE Xplore. Scopus record retained according to the predefined source-precedence rule.
DUP_0021,SCOPUS_0109,IEEE_0077,exact_normalized_doi,duplicate_removed,Same normalized DOI in Scopus and IEEE Xplore. Scopus record retained according to the predefined source-precedence rule.
DUP_0022,SCOPUS_0110,IEEE_0045,exact_normalized_doi,duplicate_removed,Same normalized DOI in Scopus and IEEE Xplore. Scopus record retained according to the predefined source-precedence rule.
DUP_0023,SCOPUS_0111,IEEE_0050,exact_normalized_doi,duplicate_removed,Same normalized DOI in Scopus and IEEE Xplore. Scopus record retained according to the predefined source-precedence rule.
DUP_0024,SCOPUS_0112,IEEE_0215,exact_normalized_doi,duplicate_removed,Same normalized DOI in Scopus and IEEE Xplore. Scopus record retained according to the predefined source-precedence rule.
DUP_0025,SCOPUS_0113,IEEE_0033,exact_normalized_doi,duplicate_removed,Same normalized DOI in Scopus and IEEE Xplore. Scopus record retained according to the predefined source-precedence rule.
DUP_0026,SCOPUS_0114,IEEE_0170,exact_normalized_doi,duplicate_removed,Same normalized DOI in Scopus and IEEE Xplore. Scopus record retained according to the predefined source-precedence rule.
DUP_0027,SCOPUS_0115,IEEE_0183,exact_normalized_doi,duplicate_removed,Same normalized DOI in Scopus and IEEE Xplore. Scopus record retained according to the predefined source-precedence rule.
DUP_0028,SCOPUS_0116,IEEE_0051,exact_normalized_doi,duplicate_removed,Same normalized DOI in Scopus and IEEE Xplore. Scopus record retained according to the predefined source-precedence rule.
DUP_0029,SCOPUS_0117,IEEE_0009,exact_normalized_doi,duplicate_removed,Same normalized DOI in Scopus and IEEE Xplore. Scopus record retained according to the predefined source-precedence rule.
DUP_0030,SCOPUS_0119,IEEE_0014,exact_normalized_doi,duplicate_removed,Same normalized DOI in Scopus and IEEE Xplore. Scopus record retained according to the predefined source-precedence rule.
DUP_0031,SCOPUS_0121,IEEE_0064,exact_normalized_doi,duplicate_removed,Same normalized DOI in Scopus and IEEE Xplore. Scopus record retained according to the predefined source-precedence rule.
DUP_0032,SCOPUS_0122,IEEE_0113,exact_normalized_doi,duplicate_removed,Same normalized DOI in Scopus and IEEE Xplore. Scopus record retained according to the predefined source-precedence rule.
DUP_0033,SCOPUS_0123,IEEE_0018,exact_normalized_doi,duplicate_removed,Same normalized DOI in Scopus and IEEE Xplore. Scopus record retained according to the predefined source-precedence rule.
DUP_0034,SCOPUS_0126,IEEE_0068,exact_normalized_doi,duplicate_removed,Same normalized DOI in Scopus and IEEE Xplore. Scopus record retained according to the predefined source-precedence rule.
DUP_0035,SCOPUS_0128,IEEE_0039,exact_normalized_doi,duplicate_removed,Same normalized DOI in Scopus and IEEE Xplore. Scopus record retained according to the predefined source-precedence rule.
DUP_0036,SCOPUS_0130,IEEE_0037,exact_normalized_doi,duplicate_removed,Same normalized DOI in Scopus and IEEE Xplore. Scopus record retained according to the predefined source-precedence rule.
DUP_0037,SCOPUS_0132,IEEE_0124,exact_normalized_doi,duplicate_removed,Same normalized DOI in Scopus and IEEE Xplore. Scopus record retained according to the predefined source-precedence rule.
DUP_0038,SCOPUS_0133,IEEE_0110,exact_normalized_doi,duplicate_removed,Same normalized DOI in Scopus and IEEE Xplore. Scopus record retained according to the predefined source-precedence rule.
DUP_0039,SCOPUS_0135,IEEE_0046,exact_normalized_doi,duplicate_removed,Same normalized DOI in Scopus and IEEE Xplore. Scopus record retained according to the predefined source-precedence rule.
DUP_0040,SCOPUS_0141,IEEE_0079,exact_normalized_doi,duplicate_removed,Same normalized DOI in Scopus and IEEE Xplore. Scopus record retained according to the predefined source-precedence rule.
DUP_0041,SCOPUS_0144,IEEE_0147,exact_normalized_doi,duplicate_removed,Same normalized DOI in Scopus and IEEE Xplore. Scopus record retained according to the predefined source-precedence rule.
DUP_0042,SCOPUS_0147,IEEE_0078,exact_normalized_doi,duplicate_removed,Same normalized DOI in Scopus and IEEE Xplore. Scopus record retained according to the predefined source-precedence rule.
DUP_0043,SCOPUS_0151,IEEE_0097,exact_normalized_doi,duplicate_removed,Same normalized DOI in Scopus and IEEE Xplore. Scopus record retained according to the predefined source-precedence rule.
DUP_0044,SCOPUS_0155,IEEE_0201,exact_normalized_doi,duplicate_removed,Same normalized DOI in Scopus and IEEE Xplore. Scopus record retained according to the predefined source-precedence rule.
DUP_0045,SCOPUS_0159,IEEE_0144,exact_normalized_doi,duplicate_removed,Same normalized DOI in Scopus and IEEE Xplore. Scopus record retained according to the predefined source-precedence rule.
DUP_0046,SCOPUS_0160,IEEE_0061,exact_normalized_doi,duplicate_removed,Same normalized DOI in Scopus and IEEE Xplore. Scopus record retained according to the predefined source-precedence rule.
DUP_0047,SCOPUS_0161,IEEE_0021,exact_normalized_doi,duplicate_removed,Same normalized DOI in Scopus and IEEE Xplore. Scopus record retained according to the predefined source-precedence rule.
DUP_0048,SCOPUS_0162,IEEE_0015,exact_normalized_doi,duplicate_removed,Same normalized DOI in Scopus and IEEE Xplore. Scopus record retained according to the predefined source-precedence rule.
DUP_0049,SCOPUS_0163,IEEE_0002,exact_normalized_doi,duplicate_removed,Same normalized DOI in Scopus and IEEE Xplore. Scopus record retained according to the predefined source-precedence rule.
DUP_0050,SCOPUS_0165,IEEE_0217,exact_normalized_doi,duplicate_removed,Same normalized DOI in Scopus and IEEE Xplore. Scopus record retained according to the predefined source-precedence rule.
DUP_0051,SCOPUS_0174,IEEE_0120,exact_normalized_doi,duplicate_removed,Same normalized DOI in Scopus and IEEE Xplore. Scopus record retained according to the predefined source-precedence rule.
DUP_0052,SCOPUS_0184,IEEE_0194,exact_normalized_doi,duplicate_removed,Same normalized DOI in Scopus and IEEE Xplore. Scopus record retained according to the predefined source-precedence rule.
DUP_0053,SCOPUS_0186,IEEE_0149,exact_normalized_doi,duplicate_removed,Same normalized DOI in Scopus and IEEE Xplore. Scopus record retained according to the predefined source-precedence rule.
DUP_0054,SCOPUS_0196,IEEE_0225,exact_normalized_doi,duplicate_removed,Same normalized DOI in Scopus and IEEE Xplore. Scopus record retained according to the predefined source-precedence rule.
DUP_0055,SCOPUS_0200,IEEE_0103,exact_normalized_doi,duplicate_removed,Same normalized DOI in Scopus and IEEE Xplore. Scopus record retained according to the predefined source-precedence rule.
DUP_0056,SCOPUS_0203,IEEE_0084,exact_normalized_doi,duplicate_removed,Same normalized DOI in Scopus and IEEE Xplore. Scopus record retained according to the predefined source-precedence rule.
DUP_0057,SCOPUS_0204,IEEE_0010,exact_normalized_doi,duplicate_removed,Same normalized DOI in Scopus and IEEE Xplore. Scopus record retained according to the predefined source-precedence rule.
DUP_0058,SCOPUS_0207,IEEE_0030,exact_normalized_doi,duplicate_removed,Same normalized DOI in Scopus and IEEE Xplore. Scopus record retained according to the predefined source-precedence rule.
DUP_0059,SCOPUS_0209,IEEE_0141,exact_normalized_doi,duplicate_removed,Same normalized DOI in Scopus and IEEE Xplore. Scopus record retained according to the predefined source-precedence rule.
DUP_0060,SCOPUS_0217,IEEE_0004,exact_normalized_doi,duplicate_removed,Same normalized DOI in Scopus and IEEE Xplore. Scopus record retained according to the predefined source-precedence rule.
DUP_0061,SCOPUS_0219,IEEE_0088,exact_normalized_doi,duplicate_removed,Same normalized DOI in Scopus and IEEE Xplore. Scopus record retained according to the predefined source-precedence rule.
DUP_0062,SCOPUS_0223,IEEE_0102,exact_normalized_doi,duplicate_removed,Same normalized DOI in Scopus and IEEE Xplore. Scopus record retained according to the predefined source-precedence rule.
DUP_0063,SCOPUS_0225,IEEE_0168,exact_normalized_doi,duplicate_removed,Same normalized DOI in Scopus and IEEE Xplore. Scopus record retained according to the predefined source-precedence rule.
DUP_0064,SCOPUS_0226,IEEE_0092,exact_normalized_doi,duplicate_removed,Same normalized DOI in Scopus and IEEE Xplore. Scopus record retained according to the predefined source-precedence rule.
DUP_0065,SCOPUS_0229,IEEE_0229,exact_normalized_doi,duplicate_removed,Same normalized DOI in Scopus and IEEE Xplore. Scopus record retained according to the predefined source-precedence rule.
DUP_0066,SCOPUS_0230,IEEE_0038,exact_normalized_doi,duplicate_removed,Same normalized DOI in Scopus and IEEE Xplore. Scopus record retained according to the predefined source-precedence rule.
DUP_0067,SCOPUS_0243,IEEE_0129,exact_normalized_doi,duplicate_removed,Same normalized DOI in Scopus and IEEE Xplore. Scopus record retained according to the predefined source-precedence rule.
DUP_0068,SCOPUS_0245,IEEE_0154,exact_normalized_doi,duplicate_removed,Same normalized DOI in Scopus and IEEE Xplore. Scopus record retained according to the predefined source-precedence rule.
DUP_0069,SCOPUS_0263,IEEE_0228,exact_normalized_doi,duplicate_removed,Same normalized DOI in Scopus and IEEE Xplore. Scopus record retained according to the predefined source-precedence rule.
DUP_0070,SCOPUS_0265,IEEE_0107,exact_normalized_doi,duplicate_removed,Same normalized DOI in Scopus and IEEE Xplore. Scopus record retained according to the predefined source-precedence rule.
DUP_0071,SCOPUS_0267,IEEE_0203,exact_normalized_doi,duplicate_removed,Same normalized DOI in Scopus and IEEE Xplore. Scopus record retained according to the predefined source-precedence rule.
DUP_0072,SCOPUS_0281,IEEE_0117,exact_normalized_doi,duplicate_removed,Same normalized DOI in Scopus and IEEE Xplore. Scopus record retained according to the predefined source-precedence rule.
DUP_0073,SCOPUS_0282,IEEE_0227,exact_normalized_doi,duplicate_removed,Same normalized DOI in Scopus and IEEE Xplore. Scopus record retained according to the predefined source-precedence rule.
DUP_0074,SCOPUS_0283,IEEE_0056,exact_normalized_doi,duplicate_removed,Same normalized DOI in Scopus and IEEE Xplore. Scopus record retained according to the predefined source-precedence rule.
DUP_0075,SCOPUS_0295,IEEE_0132,exact_normalized_doi,duplicate_removed,Same normalized DOI in Scopus and IEEE Xplore. Scopus record retained according to the predefined source-precedence rule.
DUP_0076,SCOPUS_0298,IEEE_0138,exact_normalized_doi,duplicate_removed,Same normalized DOI in Scopus and IEEE Xplore. Scopus record retained according to the predefined source-precedence rule.
DUP_0077,SCOPUS_0302,IEEE_0001,exact_normalized_doi,duplicate_removed,Same normalized DOI in Scopus and IEEE Xplore. Scopus record retained according to the predefined source-precedence rule.
DUP_0078,SCOPUS_0307,IEEE_0082,exact_normalized_doi,duplicate_removed,Same normalized DOI in Scopus and IEEE Xplore. Scopus record retained according to the predefined source-precedence rule.
DUP_0079,SCOPUS_0313,IEEE_0076,exact_normalized_doi,duplicate_removed,Same normalized DOI in Scopus and IEEE Xplore. Scopus record retained according to the predefined source-precedence rule.
DUP_0080,SCOPUS_0316,IEEE_0070,exact_normalized_doi,duplicate_removed,Same normalized DOI in Scopus and IEEE Xplore. Scopus record retained according to the predefined source-precedence rule.
DUP_0081,SCOPUS_0323,IEEE_0125,exact_normalized_doi,duplicate_removed,Same normalized DOI in Scopus and IEEE Xplore. Scopus record retained according to the predefined source-precedence rule.
DUP_0082,SCOPUS_0329,IEEE_0012,exact_normalized_doi,duplicate_removed,Same normalized DOI in Scopus and IEEE Xplore. Scopus record retained according to the predefined source-precedence rule.
DUP_0083,SCOPUS_0330,IEEE_0041,exact_normalized_doi,duplicate_removed,Same normalized DOI in Scopus and IEEE Xplore. Scopus record retained according to the predefined source-precedence rule.
DUP_0084,SCOPUS_0336,IEEE_0187,exact_normalized_doi,duplicate_removed,Same normalized DOI in Scopus and IEEE Xplore. Scopus record retained according to the predefined source-precedence rule.
DUP_0085,SCOPUS_0339,IEEE_0032,exact_normalized_doi,duplicate_removed,Same normalized DOI in Scopus and IEEE Xplore. Scopus record retained according to the predefined source-precedence rule.
DUP_0086,SCOPUS_0341,IEEE_0156,exact_normalized_doi,duplicate_removed,Same normalized DOI in Scopus and IEEE Xplore. Scopus record retained according to the predefined source-precedence rule.
DUP_0087,SCOPUS_0350,IEEE_0123,exact_normalized_doi,duplicate_removed,Same normalized DOI in Scopus and IEEE Xplore. Scopus record retained according to the predefined source-precedence rule.
DUP_0088,SCOPUS_0355,IEEE_0133,exact_normalized_doi,duplicate_removed,Same normalized DOI in Scopus and IEEE Xplore. Scopus record retained according to the predefined source-precedence rule.
DUP_0089,SCOPUS_0357,IEEE_0042,exact_normalized_doi,duplicate_removed,Same normalized DOI in Scopus and IEEE Xplore. Scopus record retained according to the predefined source-precedence rule.
DUP_0090,SCOPUS_0358,IEEE_0172,exact_normalized_doi,duplicate_removed,Same normalized DOI in Scopus and IEEE Xplore. Scopus record retained according to the predefined source-precedence rule.
DUP_0091,SCOPUS_0363,IEEE_0083,exact_normalized_doi,duplicate_removed,Same normalized DOI in Scopus and IEEE Xplore. Scopus record retained according to the predefined source-precedence rule.
DUP_0092,SCOPUS_0366,IEEE_0142,exact_normalized_doi,duplicate_removed,Same normalized DOI in Scopus and IEEE Xplore. Scopus record retained according to the predefined source-precedence rule.
DUP_0093,SCOPUS_0370,IEEE_0186,exact_normalized_doi,duplicate_removed,Same normalized DOI in Scopus and IEEE Xplore. Scopus record retained according to the predefined source-precedence rule.
DUP_0094,SCOPUS_0371,IEEE_0109,exact_normalized_doi,duplicate_removed,Same normalized DOI in Scopus and IEEE Xplore. Scopus record retained according to the predefined source-precedence rule.
DUP_0095,SCOPUS_0372,IEEE_0062,exact_normalized_doi,duplicate_removed,Same normalized DOI in Scopus and IEEE Xplore. Scopus record retained according to the predefined source-precedence rule.
DUP_0096,SCOPUS_0384,IEEE_0074,exact_normalized_doi,duplicate_removed,Same normalized DOI in Scopus and IEEE Xplore. Scopus record retained according to the predefined source-precedence rule.
DUP_0097,SCOPUS_0391,IEEE_0155,exact_normalized_doi,duplicate_removed,Same normalized DOI in Scopus and IEEE Xplore. Scopus record retained according to the predefined source-precedence rule.
DUP_0098,SCOPUS_0394,IEEE_0230,exact_normalized_doi,duplicate_removed,Same normalized DOI in Scopus and IEEE Xplore. Scopus record retained according to the predefined source-precedence rule.
DUP_0099,SCOPUS_0401,IEEE_0219,exact_normalized_doi,duplicate_removed,Same normalized DOI in Scopus and IEEE Xplore. Scopus record retained according to the predefined source-precedence rule.
DUP_0100,SCOPUS_0403,IEEE_0143,exact_normalized_doi,duplicate_removed,Same normalized DOI in Scopus and IEEE Xplore. Scopus record retained according to the predefined source-precedence rule.
DUP_0101,SCOPUS_0405,IEEE_0189,exact_normalized_doi,duplicate_removed,Same normalized DOI in Scopus and IEEE Xplore. Scopus record retained according to the predefined source-precedence rule.
DUP_0102,SCOPUS_0406,IEEE_0181,exact_normalized_doi,duplicate_removed,Same normalized DOI in Scopus and IEEE Xplore. Scopus record retained according to the predefined source-precedence rule.
DUP_0103,SCOPUS_0409,IEEE_0214,exact_normalized_doi,duplicate_removed,Same normalized DOI in Scopus and IEEE Xplore. Scopus record retained according to the predefined source-precedence rule.
DUP_0104,SCOPUS_0413,IEEE_0094,exact_normalized_doi,duplicate_removed,Same normalized DOI in Scopus and IEEE Xplore. Scopus record retained according to the predefined source-precedence rule.
DUP_0105,SCOPUS_0423,IEEE_0220,exact_normalized_doi,duplicate_removed,Same normalized DOI in Scopus and IEEE Xplore. Scopus record retained according to the predefined source-precedence rule.
DUP_0106,SCOPUS_0426,IEEE_0093,exact_normalized_doi,duplicate_removed,Same normalized DOI in Scopus and IEEE Xplore. Scopus record retained according to the predefined source-precedence rule.
DUP_0107,SCOPUS_0429,IEEE_0035,exact_normalized_doi,duplicate_removed,Same normalized DOI in Scopus and IEEE Xplore. Scopus record retained according to the predefined source-precedence rule.
DUP_0108,SCOPUS_0431,IEEE_0158,exact_normalized_doi,duplicate_removed,Same normalized DOI in Scopus and IEEE Xplore. Scopus record retained according to the predefined source-precedence rule.
DUP_0109,SCOPUS_0435,IEEE_0053,exact_normalized_doi,duplicate_removed,Same normalized DOI in Scopus and IEEE Xplore. Scopus record retained according to the predefined source-precedence rule.
DUP_0110,SCOPUS_0446,IEEE_0196,exact_normalized_doi,duplicate_removed,Same normalized DOI in Scopus and IEEE Xplore. Scopus record retained according to the predefined source-precedence rule.
DUP_0111,SCOPUS_0448,IEEE_0184,exact_normalized_doi,duplicate_removed,Same normalized DOI in Scopus and IEEE Xplore. Scopus record retained according to the predefined source-precedence rule.
DUP_0112,SCOPUS_0449,IEEE_0163,exact_normalized_doi,duplicate_removed,Same normalized DOI in Scopus and IEEE Xplore. Scopus record retained according to the predefined source-precedence rule.
DUP_0113,SCOPUS_0452,IEEE_0213,exact_normalized_doi,duplicate_removed,Same normalized DOI in Scopus and IEEE Xplore. Scopus record retained according to the predefined source-precedence rule.
DUP_0114,SCOPUS_0456,IEEE_0036,exact_normalized_doi,duplicate_removed,Same normalized DOI in Scopus and IEEE Xplore. Scopus record retained according to the predefined source-precedence rule.
DUP_0115,SCOPUS_0462,IEEE_0131,exact_normalized_doi,duplicate_removed,Same normalized DOI in Scopus and IEEE Xplore. Scopus record retained according to the predefined source-precedence rule.
DUP_0116,SCOPUS_0467,IEEE_0226,exact_normalized_doi,duplicate_removed,Same normalized DOI in Scopus and IEEE Xplore. Scopus record retained according to the predefined source-precedence rule.
DUP_0117,SCOPUS_0470,IEEE_0130,exact_normalized_doi,duplicate_removed,Same normalized DOI in Scopus and IEEE Xplore. Scopus record retained according to the predefined source-precedence rule.
